<?xml version="1.0" encoding="UTF-8"?>
<GenRun Id="synth_1" LaunchPart="xc7a35tcsg324-1" LaunchTime="1729434838">
  <File Type="PA-TCL" Name="example_4_17_1.tcl"/>
  <File Type="RDS-PROPCONSTRS" Name="example_4_17_1_drc_synth.rpt"/>
  <File Type="REPORTS-TCL" Name="example_4_17_1_reports.tcl"/>
  <File Type="RDS-RDS" Name="example_4_17_1.vds"/>
  <File Type="RDS-UTIL" Name="example_4_17_1_utilization_synth.rpt"/>
  <File Type="RDS-UTIL-PB" Name="example_4_17_1_utilization_synth.pb"/>
  <File Type="RDS-DCP" Name="example_4_17_1.dcp"/>
  <File Type="VDS-TIMINGSUMMARY" Name="example_4_17_1_timing_summary_synth.rpt"/>
  <File Type="VDS-TIMING-PB" Name="example_4_17_1_timing_summary_synth.pb"/>
  <FileSet Name="sources" Type="DesignSrcs" RelSrcDir="$PSRCDIR/sources_1">
    <Filter Type="Srcs"/>
    <File Path="$PPRDIR/example_4_17_1_EGO1.v">
      <FileInfo>
        <Attr Name="UsedIn" Val="synthesis"/>
        <Attr Name="UsedIn" Val="implementation"/>
        <Attr Name="UsedIn" Val="simulation"/>
      </FileInfo>
    </File>
    <Config>
      <Option Name="DesignMode" Val="RTL"/>
      <Option Name="TopModule" Val="example_4_17_1"/>
      <Option Name="TopAutoSet" Val="TRUE"/>
    </Config>
  </FileSet>
  <FileSet Name="constrs_in" Type="Constrs" RelSrcDir="$PSRCDIR/constrs_1">
    <Filter Type="Constrs"/>
    <File Path="$PPRDIR/../EGO1.xdc">
      <FileInfo>
        <Attr Name="UsedIn" Val="synthesis"/>
        <Attr Name="UsedIn" Val="implementation"/>
      </FileInfo>
    </File>
    <Config>
      <Option Name="ConstrsType" Val="XDC"/>
    </Config>
  </FileSet>
  <FileSet Name="utils" Type="Utils" RelSrcDir="$PSRCDIR/utils_1">
    <Filter Type="Utils"/>
    <Config>
      <Option Name="TopAutoSet" Val="TRUE"/>
    </Config>
  </FileSet>
  <Strategy Version="1" Minor="2">
    <StratHandle Name="Vivado Synthesis Defaults" Flow="Vivado Synthesis 2019">
      <Desc>Vivado Synthesis Defaults</Desc>
    </StratHandle>
    <Step Id="synth_design"/>
  </Strategy>
</GenRun>
