<?xml version="1.0" encoding="UTF-8"?>
<GenRun Id="impl_1" LaunchPart="xc7a35tcsg324-1" LaunchTime="1729434839">
  <File Type="BITSTR-BMM" Name="example_4_17_1_bd.bmm"/>
  <File Type="OPT-METHODOLOGY-DRC" Name="example_4_17_1_methodology_drc_opted.rpt"/>
  <File Type="INIT-TIMING" Name="example_4_17_1_timing_summary_init.rpt"/>
  <File Type="ROUTE-PWR" Name="example_4_17_1_power_routed.rpt"/>
  <File Type="PA-TCL" Name="example_4_17_1.tcl"/>
  <File Type="OPT-TIMING" Name="example_4_17_1_timing_summary_opted.rpt"/>
  <File Type="OPT-DCP" Name="example_4_17_1_opt.dcp"/>
  <File Type="ROUTE-PWR-SUM" Name="example_4_17_1_power_summary_routed.pb"/>
  <File Type="REPORTS-TCL" Name="example_4_17_1_reports.tcl"/>
  <File Type="OPT-DRC" Name="example_4_17_1_drc_opted.rpt"/>
  <File Type="OPT-HWDEF" Name="example_4_17_1.hwdef"/>
  <File Type="PWROPT-DCP" Name="example_4_17_1_pwropt.dcp"/>
  <File Type="PWROPT-DRC" Name="example_4_17_1_drc_pwropted.rpt"/>
  <File Type="PWROPT-TIMING" Name="example_4_17_1_timing_summary_pwropted.rpt"/>
  <File Type="PLACE-DCP" Name="example_4_17_1_placed.dcp"/>
  <File Type="PLACE-IO" Name="example_4_17_1_io_placed.rpt"/>
  <File Type="PLACE-CLK" Name="example_4_17_1_clock_utilization_placed.rpt"/>
  <File Type="PLACE-UTIL" Name="example_4_17_1_utilization_placed.rpt"/>
  <File Type="PLACE-UTIL-PB" Name="example_4_17_1_utilization_placed.pb"/>
  <File Type="PLACE-CTRL" Name="example_4_17_1_control_sets_placed.rpt"/>
  <File Type="PLACE-SIMILARITY" Name="example_4_17_1_incremental_reuse_placed.rpt"/>
  <File Type="PLACE-PRE-SIMILARITY" Name="example_4_17_1_incremental_reuse_pre_placed.rpt"/>
  <File Type="PLACE-TIMING" Name="example_4_17_1_timing_summary_placed.rpt"/>
  <File Type="POSTPLACE-PWROPT-DCP" Name="example_4_17_1_postplace_pwropt.dcp"/>
  <File Type="BG-BIN" Name="example_4_17_1.bin"/>
  <File Type="POSTPLACE-PWROPT-TIMING" Name="example_4_17_1_timing_summary_postplace_pwropted.rpt"/>
  <File Type="PHYSOPT-DCP" Name="example_4_17_1_physopt.dcp"/>
  <File Type="PHYSOPT-DRC" Name="example_4_17_1_drc_physopted.rpt"/>
  <File Type="BITSTR-MSK" Name="example_4_17_1.msk"/>
  <File Type="PHYSOPT-TIMING" Name="example_4_17_1_timing_summary_physopted.rpt"/>
  <File Type="ROUTE-ERROR-DCP" Name="example_4_17_1_routed_error.dcp"/>
  <File Type="ROUTE-DCP" Name="example_4_17_1_routed.dcp"/>
  <File Type="ROUTE-BLACKBOX-DCP" Name="example_4_17_1_routed_bb.dcp"/>
  <File Type="ROUTE-DRC" Name="example_4_17_1_drc_routed.rpt"/>
  <File Type="ROUTE-DRC-PB" Name="example_4_17_1_drc_routed.pb"/>
  <File Type="ROUTE-DRC-RPX" Name="example_4_17_1_drc_routed.rpx"/>
  <File Type="BITSTR-MMI" Name="example_4_17_1.mmi"/>
  <File Type="ROUTE-METHODOLOGY-DRC" Name="example_4_17_1_methodology_drc_routed.rpt"/>
  <File Type="ROUTE-METHODOLOGY-DRC-RPX" Name="example_4_17_1_methodology_drc_routed.rpx"/>
  <File Type="ROUTE-METHODOLOGY-DRC-PB" Name="example_4_17_1_methodology_drc_routed.pb"/>
  <File Type="ROUTE-PWR-RPX" Name="example_4_17_1_power_routed.rpx"/>
  <File Type="ROUTE-STATUS" Name="example_4_17_1_route_status.rpt"/>
  <File Type="ROUTE-STATUS-PB" Name="example_4_17_1_route_status.pb"/>
  <File Type="ROUTE-TIMINGSUMMARY" Name="example_4_17_1_timing_summary_routed.rpt"/>
  <File Type="ROUTE-TIMING-PB" Name="example_4_17_1_timing_summary_routed.pb"/>
  <File Type="ROUTE-TIMING-RPX" Name="example_4_17_1_timing_summary_routed.rpx"/>
  <File Type="ROUTE-SIMILARITY" Name="example_4_17_1_incremental_reuse_routed.rpt"/>
  <File Type="ROUTE-CLK" Name="example_4_17_1_clock_utilization_routed.rpt"/>
  <File Type="ROUTE-BUS-SKEW" Name="example_4_17_1_bus_skew_routed.rpt"/>
  <File Type="ROUTE-BUS-SKEW-PB" Name="example_4_17_1_bus_skew_routed.pb"/>
  <File Type="ROUTE-BUS-SKEW-RPX" Name="example_4_17_1_bus_skew_routed.rpx"/>
  <File Type="POSTROUTE-PHYSOPT-DCP" Name="example_4_17_1_postroute_physopt.dcp"/>
  <File Type="POSTROUTE-PHYSOPT-BLACKBOX-DCP" Name="example_4_17_1_postroute_physopt_bb.dcp"/>
  <File Type="POSTROUTE-PHYSOPT-TIMING" Name="example_4_17_1_timing_summary_postroute_physopted.rpt"/>
  <File Type="POSTROUTE-PHYSOPT-TIMING-PB" Name="example_4_17_1_timing_summary_postroute_physopted.pb"/>
  <File Type="POSTROUTE-PHYSOPT-TIMING-RPX" Name="example_4_17_1_timing_summary_postroute_physopted.rpx"/>
  <File Type="POSTROUTE-PHYSOPT-BUS-SKEW" Name="example_4_17_1_bus_skew_postroute_physopted.rpt"/>
  <File Type="POSTROUTE-PHYSOPT-BUS-SKEW-PB" Name="example_4_17_1_bus_skew_postroute_physopted.pb"/>
  <File Type="BG-BIT" Name="example_4_17_1.bit"/>
  <File Type="POSTROUTE-PHYSOPT-BUS-SKEW-RPX" Name="example_4_17_1_bus_skew_postroute_physopted.rpx"/>
  <File Type="BITSTR-RBT" Name="example_4_17_1.rbt"/>
  <File Type="BITSTR-NKY" Name="example_4_17_1.nky"/>
  <File Type="PDI-FILE" Name="example_4_17_1.pdi"/>
  <File Type="RCFI_FILE" Name="example_4_17_1.rcfi"/>
  <File Type="CFI_FILE" Name="example_4_17_1.cfi"/>
  <File Type="RNPI_FILE" Name="example_4_17_1.rnpi"/>
  <File Type="NPI_FILE" Name="example_4_17_1.npi"/>
  <File Type="RBD_FILE" Name="example_4_17_1.rbd"/>
  <File Type="BITSTR-LTX" Name="debug_nets.ltx"/>
  <File Type="BITSTR-LTX" Name="example_4_17_1.ltx"/>
  <File Type="BITSTR-SYSDEF" Name="example_4_17_1.sysdef"/>
  <File Type="BG-BGN" Name="example_4_17_1.bgn"/>
  <File Type="BG-DRC" Name="example_4_17_1.drc"/>
  <File Type="RDI-RDI" Name="example_4_17_1.vdi"/>
  <File Type="WBT-USG" Name="usage_statistics_webtalk.html"/>
  <FileSet Name="sources" Type="DesignSrcs" RelSrcDir="$PSRCDIR/sources_1">
    <Filter Type="Srcs"/>
    <File Path="$PPRDIR/example_4_17_1_EGO1.v">
      <FileInfo>
        <Attr Name="UsedIn" Val="synthesis"/>
        <Attr Name="UsedIn" Val="implementation"/>
        <Attr Name="UsedIn" Val="simulation"/>
      </FileInfo>
    </File>
    <Config>
      <Option Name="DesignMode" Val="RTL"/>
      <Option Name="TopModule" Val="example_4_17_1"/>
      <Option Name="TopAutoSet" Val="TRUE"/>
    </Config>
  </FileSet>
  <FileSet Name="constrs_in" Type="Constrs" RelSrcDir="$PSRCDIR/constrs_1">
    <Filter Type="Constrs"/>
    <File Path="$PPRDIR/../EGO1.xdc">
      <FileInfo>
        <Attr Name="UsedIn" Val="synthesis"/>
        <Attr Name="UsedIn" Val="implementation"/>
      </FileInfo>
    </File>
    <Config>
      <Option Name="ConstrsType" Val="XDC"/>
    </Config>
  </FileSet>
  <FileSet Name="utils" Type="Utils" RelSrcDir="$PSRCDIR/utils_1">
    <Filter Type="Utils"/>
    <Config>
      <Option Name="TopAutoSet" Val="TRUE"/>
    </Config>
  </FileSet>
  <Strategy Version="1" Minor="2">
    <StratHandle Name="Vivado Implementation Defaults" Flow="Vivado Implementation 2019">
      <Desc>Default settings for Implementation.</Desc>
    </StratHandle>
    <Step Id="init_design"/>
    <Step Id="opt_design"/>
    <Step Id="power_opt_design"/>
    <Step Id="place_design"/>
    <Step Id="post_place_power_opt_design"/>
    <Step Id="phys_opt_design" EnableStepBool="1"/>
    <Step Id="route_design"/>
    <Step Id="post_route_phys_opt_design"/>
    <Step Id="write_bitstream"/>
  </Strategy>
</GenRun>
