<?xml version="1.0" encoding="UTF-8"?>
<GenRun Id="synth_1" LaunchPart="xc7a35tcsg324-1" LaunchTime="1728562863">
  <File Type="PA-TCL" Name="ttl7486_3.tcl"/>
  <File Type="RDS-PROPCONSTRS" Name="ttl7486_3_drc_synth.rpt"/>
  <File Type="REPORTS-TCL" Name="ttl7486_3_reports.tcl"/>
  <File Type="RDS-RDS" Name="ttl7486_3.vds"/>
  <File Type="RDS-UTIL" Name="ttl7486_3_utilization_synth.rpt"/>
  <File Type="RDS-UTIL-PB" Name="ttl7486_3_utilization_synth.pb"/>
  <File Type="RDS-DCP" Name="ttl7486_3.dcp"/>
  <File Type="VDS-TIMINGSUMMARY" Name="ttl7486_3_timing_summary_synth.rpt"/>
  <File Type="VDS-TIMING-PB" Name="ttl7486_3_timing_summary_synth.pb"/>
  <FileSet Name="sources" Type="DesignSrcs" RelSrcDir="$PSRCDIR/sources_1">
    <Filter Type="Srcs"/>
    <File Path="$PSRCDIR/sources_1/imports/7486_EGO1/7486_EGO1.v">
      <FileInfo>
        <Attr Name="ImportPath" Val="$PPRDIR/7486_EGO1.v"/>
        <Attr Name="ImportTime" Val="1728562696"/>
        <Attr Name="UsedIn" Val="synthesis"/>
        <Attr Name="UsedIn" Val="implementation"/>
        <Attr Name="UsedIn" Val="simulation"/>
      </FileInfo>
    </File>
    <Config>
      <Option Name="DesignMode" Val="RTL"/>
      <Option Name="TopModule" Val="ttl7486_3"/>
      <Option Name="TopAutoSet" Val="TRUE"/>
    </Config>
  </FileSet>
  <FileSet Name="constrs_in" Type="Constrs" RelSrcDir="$PSRCDIR/constrs_1">
    <Filter Type="Constrs"/>
    <File Path="$PSRCDIR/constrs_1/imports/EGO1/EGO1.xdc">
      <FileInfo>
        <Attr Name="ImportPath" Val="$PPRDIR/../EGO1.xdc"/>
        <Attr Name="ImportTime" Val="1696774678"/>
        <Attr Name="UsedIn" Val="synthesis"/>
        <Attr Name="UsedIn" Val="implementation"/>
      </FileInfo>
    </File>
    <Config>
      <Option Name="ConstrsType" Val="XDC"/>
    </Config>
  </FileSet>
  <FileSet Name="utils" Type="Utils" RelSrcDir="$PSRCDIR/utils_1">
    <Filter Type="Utils"/>
    <Config>
      <Option Name="TopAutoSet" Val="TRUE"/>
    </Config>
  </FileSet>
  <Strategy Version="1" Minor="2">
    <StratHandle Name="Vivado Synthesis Defaults" Flow="Vivado Synthesis 2019">
      <Desc>Vivado Synthesis Defaults</Desc>
    </StratHandle>
    <Step Id="synth_design"/>
  </Strategy>
</GenRun>
