<?xml version="1.0" encoding="UTF-8"?>
<GenRun Id="impl_1" LaunchPart="xc7a35tcsg324-1" LaunchTime="1733149844">
  <File Type="PA-TCL" Name="Key.tcl"/>
  <File Type="BITSTR-BMM" Name="Key_bd.bmm"/>
  <File Type="REPORTS-TCL" Name="Key_reports.tcl"/>
  <File Type="OPT-DCP" Name="Key_opt.dcp"/>
  <File Type="OPT-HWDEF" Name="Key.hwdef"/>
  <File Type="PWROPT-DCP" Name="Key_pwropt.dcp"/>
  <File Type="PLACE-DCP" Name="Key_placed.dcp"/>
  <File Type="PLACE-PRE-SIMILARITY" Name="Key_incremental_reuse_pre_placed.rpt"/>
  <File Type="POSTPLACE-PWROPT-DCP" Name="Key_postplace_pwropt.dcp"/>
  <File Type="BG-BIN" Name="Key.bin"/>
  <File Type="PHYSOPT-DCP" Name="Key_physopt.dcp"/>
  <File Type="BITSTR-MSK" Name="Key.msk"/>
  <File Type="ROUTE-ERROR-DCP" Name="Key_routed_error.dcp"/>
  <File Type="ROUTE-DCP" Name="Key_routed.dcp"/>
  <File Type="ROUTE-BLACKBOX-DCP" Name="Key_routed_bb.dcp"/>
  <File Type="BITSTR-MMI" Name="Key.mmi"/>
  <File Type="ROUTE-TIMING-PB" Name="Key_timing_summary_routed.pb"/>
  <File Type="POSTROUTE-PHYSOPT-DCP" Name="Key_postroute_physopt.dcp"/>
  <File Type="POSTROUTE-PHYSOPT-BLACKBOX-DCP" Name="Key_postroute_physopt_bb.dcp"/>
  <File Type="BG-BIT" Name="Key.bit"/>
  <File Type="BITSTR-RBT" Name="Key.rbt"/>
  <File Type="BITSTR-NKY" Name="Key.nky"/>
  <File Type="PDI-FILE" Name="Key.pdi"/>
  <File Type="RCFI_FILE" Name="Key.rcfi"/>
  <File Type="CFI_FILE" Name="Key.cfi"/>
  <File Type="RNPI_FILE" Name="Key.rnpi"/>
  <File Type="NPI_FILE" Name="Key.npi"/>
  <File Type="RBD_FILE" Name="Key.rbd"/>
  <File Type="BITSTR-LTX" Name="Key.ltx"/>
  <File Type="BITSTR-SYSDEF" Name="Key.sysdef"/>
  <File Type="BG-BGN" Name="Key.bgn"/>
  <File Type="BG-DRC" Name="Key.drc"/>
  <File Type="RDI-RDI" Name="Key.vdi"/>
  <File Type="WBT-USG" Name="usage_statistics_webtalk.html"/>
  <FileSet Name="sources" Type="DesignSrcs" RelSrcDir="$PSRCDIR/sources_1">
    <Filter Type="Srcs"/>
    <File Path="$PPRDIR/../clock_EGO1.v">
      <FileInfo>
        <Attr Name="UsedIn" Val="synthesis"/>
        <Attr Name="UsedIn" Val="implementation"/>
        <Attr Name="UsedIn" Val="simulation"/>
      </FileInfo>
    </File>
    <Config>
      <Option Name="DesignMode" Val="RTL"/>
      <Option Name="TopModule" Val="Key"/>
      <Option Name="TopAutoSet" Val="TRUE"/>
    </Config>
  </FileSet>
  <FileSet Name="constrs_in" Type="Constrs" RelSrcDir="$PSRCDIR/constrs_1">
    <Filter Type="Constrs"/>
    <File Path="$PPRDIR/../EGO1.xdc">
      <FileInfo>
        <Attr Name="UsedIn" Val="synthesis"/>
        <Attr Name="UsedIn" Val="implementation"/>
      </FileInfo>
    </File>
    <Config>
      <Option Name="ConstrsType" Val="XDC"/>
    </Config>
  </FileSet>
  <FileSet Name="utils" Type="Utils" RelSrcDir="$PSRCDIR/utils_1">
    <Filter Type="Utils"/>
    <Config>
      <Option Name="TopAutoSet" Val="TRUE"/>
    </Config>
  </FileSet>
  <Strategy Version="1" Minor="2">
    <StratHandle Name="Vivado Implementation Defaults" Flow="Vivado Implementation 2019"/>
    <Step Id="init_design"/>
    <Step Id="opt_design"/>
    <Step Id="power_opt_design"/>
    <Step Id="place_design"/>
    <Step Id="post_place_power_opt_design"/>
    <Step Id="phys_opt_design" EnableStepBool="1"/>
    <Step Id="route_design"/>
    <Step Id="post_route_phys_opt_design"/>
    <Step Id="write_bitstream"/>
    <Step Id="write_device_image"/>
  </Strategy>
</GenRun>
